,date,googletrends_buy_sell
0,2017-05-01,0.8571428571428571
1,2017-05-02,0.8571428571428571
2,2017-05-03,0.9047619047619048
3,2017-05-04,0.8518518518518519
4,2017-05-05,0.8333333333333334
5,2017-05-06,0.88
6,2017-05-07,0.9
7,2017-05-08,0.8518518518518519
8,2017-05-09,0.8928571428571429
9,2017-05-10,0.9259259259259259
10,2017-05-11,0.8620689655172413
11,2017-05-12,0.9090909090909091
12,2017-05-13,0.896551724137931
13,2017-05-14,0.8571428571428571
14,2017-05-15,0.9032258064516129
15,2017-05-16,0.8387096774193549
16,2017-05-17,0.8846153846153846
17,2017-05-18,0.92
18,2017-05-19,0.9032258064516129
19,2017-05-20,0.8787878787878788
20,2017-05-21,0.8648648648648649
21,2017-05-22,0.875
22,2017-05-23,0.9078947368421053
23,2017-05-24,0.91
24,2017-05-25,0.9009009009009009
25,2017-05-26,0.8961038961038961
26,2017-05-27,0.8571428571428571
27,2017-05-28,0.9019607843137255
28,2017-05-29,0.8913043478260869
29,2017-05-30,0.8837209302325582
30,2017-05-31,0.9047619047619048
31,2017-06-01,0.8818223866790009
32,2017-06-02,0.8704318936877076
33,2017-06-03,0.9256756756756757
34,2017-06-04,0.8863636363636364
35,2017-06-05,0.9039836567926456
36,2017-06-06,0.8765790372140663
37,2017-06-07,0.8647826086956522
38,2017-06-08,0.8555093555093556
39,2017-06-09,0.8875606375606375
40,2017-06-10,0.9393382352941176
41,2017-06-11,0.8679962013295346
42,2017-06-12,0.8913817663817664
43,2017-06-13,0.9045621931260229
44,2017-06-14,0.8568292682926829
45,2017-06-15,0.8833575581395349
46,2017-06-16,0.8681467181467182
47,2017-06-17,0.8636977058029689
48,2017-06-18,0.8890243902439025
49,2017-06-19,0.8787878787878788
50,2017-06-20,0.8692569483834374
51,2017-06-21,0.862012987012987
52,2017-06-22,0.8544871794871794
53,2017-06-23,0.8593974175035868
54,2017-06-24,0.8598039215686275
55,2017-06-25,0.8878787878787879
56,2017-06-26,0.8840772818121252
57,2017-06-27,0.8794671864847303
58,2017-06-28,0.8739908739908739
59,2017-06-29,0.8757823784304285
60,2017-06-30,0.8595628415300547
61,2017-07-01,0.8801544459439197
62,2017-07-02,0.8920454545454546
63,2017-07-03,0.8734848484848485
64,2017-07-04,0.8410714285714285
65,2017-07-05,0.9082100968893422
66,2017-07-06,0.8878392305049811
67,2017-07-07,0.8810160427807486
68,2017-07-08,0.9155052264808363
69,2017-07-09,0.89272030651341
70,2017-07-10,0.892089093701997
71,2017-07-11,0.8875979843225084
72,2017-07-12,0.9055258467023173
73,2017-07-13,0.9003039513677811
74,2017-07-14,0.8448620551779289
75,2017-07-15,0.8708333333333333
76,2017-07-16,0.8385047281323876
77,2017-07-17,0.896516393442623
78,2017-07-18,0.8654421768707483
79,2017-07-19,0.8975845410628019
80,2017-07-20,0.8397530864197531
81,2017-07-21,0.8433333333333333
82,2017-07-22,0.8355481727574751
83,2017-07-23,0.910010111223458
84,2017-07-24,0.8947947214076246
85,2017-07-25,0.8650793650793651
86,2017-07-26,0.8844444444444444
87,2017-07-27,0.8726296958855099
88,2017-07-28,0.8248871919472405
89,2017-07-29,0.8574162679425836
90,2017-07-30,0.8852626211116777
91,2017-07-31,0.8365079365079365
92,2017-08-01,0.883876357560568
93,2017-08-02,0.8816137566137566
94,2017-08-03,0.8630917592051432
95,2017-08-04,0.8903301886792453
96,2017-08-05,0.8469155844155845
97,2017-08-06,0.8660714285714286
98,2017-08-07,0.8782894736842105
99,2017-08-08,0.8896103896103895
100,2017-08-09,0.8897058823529411
101,2017-08-10,0.925881086898036
102,2017-08-11,0.8590653290922436
103,2017-08-12,0.872517154207295
104,2017-08-13,0.875037503750375
105,2017-08-14,0.8672150411280846
106,2017-08-15,0.8979485577423723
107,2017-08-16,0.8709921355111918
108,2017-08-17,0.8687544824288789
109,2017-08-18,0.9053221288515406
110,2017-08-19,0.8799627111208599
111,2017-08-20,0.9079973562458692
112,2017-08-21,0.8856400259909032
113,2017-08-22,0.8852339181286549
114,2017-08-23,0.9057984269251875
115,2017-08-24,0.9004914004914004
116,2017-08-25,0.9026086956521739
117,2017-08-26,0.8980414746543779
118,2017-08-27,0.8778554778554779
119,2017-08-28,0.8625931445603576
120,2017-08-29,0.891025641025641
121,2017-08-30,0.8820181362145476
122,2017-08-31,0.8974358974358974
123,2017-09-01,0.8931322077457343
124,2017-09-02,0.8922953451043338
125,2017-09-03,0.9164972899728998
126,2017-09-04,0.8951486697965572
127,2017-09-05,0.897020514490394
128,2017-09-06,0.9060613682092555
129,2017-09-07,0.8941724941724942
130,2017-09-08,0.8725852272727272
131,2017-09-09,0.8896575579384296
132,2017-09-10,0.889016393442623
133,2017-09-11,0.9146167557932263
134,2017-09-12,0.8663636363636363
135,2017-09-13,0.8425352112676057
136,2017-09-14,0.8311688311688312
137,2017-09-15,0.8770384866275277
138,2017-09-16,0.888937664618086
139,2017-09-17,0.8620961386918834
140,2017-09-18,0.8771883289124669
141,2017-09-19,0.9048772051193359
142,2017-09-20,0.8987373737373737
143,2017-09-21,0.8680057388809181
144,2017-09-22,0.9214646464646464
145,2017-09-23,0.8642533936651584
146,2017-09-24,0.9198717948717949
147,2017-09-25,0.8893939393939394
148,2017-09-26,0.8746770025839793
149,2017-09-27,0.8803176403857061
150,2017-09-28,0.879862700228833
151,2017-09-29,0.861904761904762
152,2017-09-30,0.9114583333333333
153,2017-10-01,0.8812253743104806
154,2017-10-02,0.8803418803418803
155,2017-10-03,0.8785714285714286
156,2017-10-04,0.873015873015873
157,2017-10-05,0.8918128654970761
158,2017-10-06,0.8550420168067226
159,2017-10-07,0.8875
160,2017-10-08,0.8944444444444444
161,2017-10-09,0.8802325581395349
162,2017-10-10,0.8284313725490196
163,2017-10-11,0.9110671936758893
164,2017-10-12,0.8739316239316239
165,2017-10-13,0.8697826086956522
166,2017-10-14,0.8827349121466768
167,2017-10-15,0.8842144452717795
168,2017-10-16,0.875
169,2017-10-17,0.8786458333333333
170,2017-10-18,0.8535714285714285
171,2017-10-19,0.8721198156682027
172,2017-10-20,0.8874824191279886
173,2017-10-21,0.8931818181818182
174,2017-10-22,0.8768768768768769
175,2017-10-23,0.8506300963676797
176,2017-10-24,0.8693181818181819
177,2017-10-25,0.8786764705882353
178,2017-10-26,0.8617424242424243
179,2017-10-27,0.8708791208791209
180,2017-10-28,0.8983333333333333
181,2017-10-29,0.860774818401937
182,2017-10-30,0.8727272727272728
183,2017-10-31,0.8895663956639566
184,2017-11-01,0.8881026596443458
185,2017-11-02,0.8776397515527949
186,2017-11-03,0.9055059523809523
187,2017-11-04,0.875
188,2017-11-05,0.8867521367521367
189,2017-11-06,0.8651515151515152
190,2017-11-07,0.8857142857142857
191,2017-11-08,0.8500000000000001
192,2017-11-09,0.9115384615384616
193,2017-11-10,0.8671023965141612
194,2017-11-11,0.8810344827586207
195,2017-11-12,0.885945945945946
196,2017-11-13,0.8834841628959276
197,2017-11-14,0.8759398496240601
198,2017-11-15,0.8424242424242425
199,2017-11-16,0.8651515151515152
200,2017-11-17,0.8876050420168067
201,2017-11-18,0.8681159420289855
202,2017-11-19,0.8681159420289855
203,2017-11-20,0.8888888888888888
204,2017-11-21,0.8888888888888888
205,2017-11-22,0.8681159420289855
206,2017-11-23,0.8857142857142857
207,2017-11-24,0.9166666666666667
208,2017-11-25,0.8811764705882352
209,2017-11-26,0.8782051282051282
210,2017-11-27,0.8632478632478633
211,2017-11-28,0.8956639566395663
212,2017-11-29,0.8840363176646362
213,2017-11-30,0.8952850877192983
214,2017-12-01,0.8838095238095237
215,2017-12-02,0.9047379032258065
216,2017-12-03,0.8786764705882353
217,2017-12-04,0.8752895752895753
218,2017-12-05,0.8933143669985775
219,2017-12-06,0.8867924528301887
220,2017-12-07,0.8771929824561403
221,2017-12-08,0.8638407545514367
222,2017-12-09,0.8672771672771673
223,2017-12-10,0.8687755102040816
224,2017-12-11,0.8699101004759386
225,2017-12-12,0.8836336336336337
226,2017-12-13,0.8870673952641166
227,2017-12-14,0.8888888888888888
228,2017-12-15,0.8777777777777778
229,2017-12-16,0.8736702127659575
230,2017-12-17,0.8773466833541927
231,2017-12-18,0.8722826086956521
232,2017-12-19,0.87
233,2017-12-20,0.8787878787878788
234,2017-12-21,0.8603145235892692
235,2017-12-22,0.8499583217560434
236,2017-12-23,0.867595818815331
237,2017-12-24,0.872983870967742
238,2017-12-25,0.8867521367521367
239,2017-12-26,0.8908730158730158
240,2017-12-27,0.8708791208791209
241,2017-12-28,0.8823076923076922
242,2017-12-29,0.896551724137931
243,2017-12-30,0.9016129032258065
244,2017-12-31,0.8695652173913043
245,2018-01-01,0.887471203260677
246,2018-01-02,0.8805099394987035
247,2018-01-03,0.8749120337790288
248,2018-01-04,0.8980414746543779
249,2018-01-05,0.8864285714285715
250,2018-01-06,0.8685344827586207
251,2018-01-07,0.8879179331306991
252,2018-01-08,0.885933806146572
253,2018-01-09,0.8651623555310952
254,2018-01-10,0.8677094379639448
255,2018-01-11,0.8440506329113924
256,2018-01-12,0.8633540372670807
257,2018-01-13,0.8670329670329671
258,2018-01-14,0.8861111111111111
259,2018-01-15,0.8775401069518716
260,2018-01-16,0.8603896103896104
261,2018-01-17,0.8498389694041868
262,2018-01-18,0.8571428571428571
263,2018-01-19,0.8775401069518716
264,2018-01-20,0.8402122641509434
265,2018-01-21,0.8585714285714285
266,2018-01-22,0.8588039867109634
267,2018-01-23,0.9083469721767594
268,2018-01-24,0.849906191369606
269,2018-01-25,0.8916666666666666
270,2018-01-26,0.8500000000000001
271,2018-01-27,0.8635531135531136
272,2018-01-28,0.835576923076923
273,2018-01-29,0.828009828009828
274,2018-01-30,0.8396464646464648
275,2018-01-31,0.8911764705882352
276,2018-02-01,0.831256819061697
277,2018-02-02,0.8472485768500948
278,2018-02-03,0.8824333561175666
279,2018-02-04,0.8701201201201201
280,2018-02-05,0.8323345817727841
281,2018-02-06,0.8368347338935574
282,2018-02-07,0.868734335839599
283,2018-02-08,0.8633540372670807
284,2018-02-09,0.8781068217874141
285,2018-02-10,0.8583959899749374
286,2018-02-11,0.8695804195804195
287,2018-02-12,0.8860391327340031
288,2018-02-13,0.873015873015873
289,2018-02-14,0.865925925925926
290,2018-02-15,0.8303571428571428
291,2018-02-16,0.8714622641509434
292,2018-02-17,0.8366666666666667
293,2018-02-18,0.8270833333333334
294,2018-02-19,0.8287373004354137
295,2018-02-20,0.8212005108556832
296,2018-02-21,0.8690476190476191
297,2018-02-22,0.8321759259259259
298,2018-02-23,0.8791866028708134
299,2018-02-24,0.8304054054054054
300,2018-02-25,0.8905502392344498
301,2018-02-26,0.8554006968641115
302,2018-02-27,0.8586474501108647
303,2018-02-28,0.8516483516483516
304,2018-03-01,0.8571428571428572
305,2018-03-02,0.8439017808958446
306,2018-03-03,0.8581081081081081
307,2018-03-04,0.84496996996997
308,2018-03-05,0.8546626984126984
309,2018-03-06,0.8411949685534592
310,2018-03-07,0.8694444444444445
311,2018-03-08,0.8448621553884712
312,2018-03-09,0.8717166979362101
313,2018-03-10,0.8643548387096774
314,2018-03-11,0.8414454277286136
315,2018-03-12,0.8534388046583168
316,2018-03-13,0.8366666666666667
317,2018-03-14,0.8047619047619048
318,2018-03-15,0.846795205836373
319,2018-03-16,0.8695035460992908
320,2018-03-17,0.8355429292929293
321,2018-03-18,0.8507130124777184
322,2018-03-19,0.8916269210386858
323,2018-03-20,0.8554421768707483
324,2018-03-21,0.8047619047619048
325,2018-03-22,0.8450583390528483
326,2018-03-23,0.8716540837336995
327,2018-03-24,0.85912343470483
328,2018-03-25,0.8452380952380952
329,2018-03-26,0.8452380952380952
330,2018-03-27,0.8624501631025734
331,2018-03-28,0.8203528399311532
332,2018-03-29,0.8026556776556777
333,2018-03-30,0.8337962962962963
334,2018-03-31,0.8354166666666667
335,2018-04-01,0.8022988505747126
336,2018-04-02,0.8686868686868687
337,2018-04-03,0.8494623655913979
338,2018-04-04,0.8266666666666667
339,2018-04-05,0.8651685393258427
340,2018-04-06,0.8255813953488372
341,2018-04-07,0.8588235294117647
342,2018-04-08,0.8705882352941177
343,2018-04-09,0.8961038961038961
344,2018-04-10,0.9054054054054054
345,2018-04-11,0.859375
346,2018-04-12,0.8055555555555556
347,2018-04-13,0.8636363636363636
348,2018-04-14,0.8194444444444444
349,2018-04-15,0.8292682926829268
350,2018-04-16,0.8507462686567164
351,2018-04-17,0.8767123287671232
352,2018-04-18,0.8714285714285714
353,2018-04-19,0.8181818181818182
354,2018-04-20,0.8271604938271605
355,2018-04-21,0.8461538461538461
356,2018-04-22,0.883495145631068
357,2018-04-23,0.8588235294117647
358,2018-04-24,0.8333333333333334
359,2018-04-25,0.8620689655172413
360,2018-04-26,0.9066666666666666
361,2018-04-27,0.8472222222222222
362,2018-04-28,0.8378378378378378
363,2018-04-29,0.8227848101265823
364,2018-04-30,0.8205128205128205
365,2018-05-01,0.9032258064516129
