,date,return_day+1,close,volume,googletrends_buy_sell,Tweets (#),Active Influencers (#),Twitter Average SA,Forum SA Merit,Forum SA Merit (weighted),Reddit Comments (#),Reddit Average SA,invest276,2018-02-01,-0.03560709902500958,9199.57000007,57494536.756159,0.831256819061697,366.0,45.0,0.08083767958665504,0.29574646781789576,33.624556711146,5330,0.09047638996425753,False277,2018-02-02,0.038819921189867664,8872.00000009,100201900.72844,0.8472485768500948,311.0,46.0,0.10195854676763036,0.324497070957096,41.03019665841578,5741,0.09217694583267982,True278,2018-02-03,-0.1137536526763151,9216.41034089,51414495.727375,0.8824333561175666,229.0,42.0,0.11629463169856186,0.32156935797665365,50.04603098249019,3901,0.08614265146134621,False279,2018-02-04,-0.14789526458006352,8168.01000005,53690353.476276,0.8701201201201201,202.0,39.0,0.08565652100924381,0.31867656798795824,44.137807124937325,4148,0.08458735962094859,False280,2018-02-05,0.10977011477586207,6960.0,120383256.53706001,0.8323345817727841,344.0,45.0,0.07779837480564228,0.316947204968944,46.97644939522708,5248,0.09316255453214267,True281,2018-02-06,-0.02014509539789855,7723.99999884,153123114.49307,0.8368347338935574,537.0,47.0,0.12056553161301754,0.3077589144840637,39.75040186178604,6006,0.08978112514050167,False282,2018-02-07,0.09005876838582716,7568.39928201,92900223.399824,0.868734335839599,353.0,51.0,0.09352123507328887,0.3139578405315616,38.496784651162756,4097,0.09230007490818916,True283,2018-02-08,0.052401625099393945,8250.0,57792265.352506004,0.8633540372670807,395.0,49.0,0.10943398725044287,0.3125073379535261,43.292281573583466,3760,0.09810598703279584,True284,2018-02-09,-0.01403911741434516,8682.31340707,42846194.616737,0.8781068217874141,407.0,48.0,0.1109984816575726,0.355650443951165,40.941034295227546,3515,0.09942426768586288,False285,2018-02-10,-0.05728939819585699,8560.42138972,53070135.402707,0.8583959899749374,350.0,46.0,0.10363140245997388,0.31958335654596065,40.45771497214483,2637,0.09816194837570233,False286,2018-02-11,0.10408921933085492,8070.0,36772320.677687,0.8695804195804195,250.0,41.0,0.13217440211640222,0.2987740570377187,42.900322723091136,2583,0.08675479914027223,True287,2018-02-12,-0.04594631275645345,8910.0,33126284.390373997,0.8860391327340031,380.0,49.0,0.07045562596516541,0.3528307552870095,48.088356314199494,3247,0.09608850176484457,False288,2018-02-13,0.1140366017254637,8500.61835334,31293751.677267,0.873015873015873,392.0,46.0,0.0949218911049268,0.3564692519251926,50.03932777777771,3209,0.09278219207890473,True289,2018-02-14,0.056388597470234066,9469.99998292,37263750.946118,0.865925925925926,512.0,56.0,0.10057084810624846,0.31820097264437724,47.92054930091179,3172,0.09307974555312973,True290,2018-02-15,0.015693723024789996,10004.0,51604899.336311,0.8303571428571428,506.0,50.0,0.12161398516759198,0.367976756756756,50.56443825825828,2983,0.10066039224475888,True291,2018-02-16,0.08739297258250177,10161.00000514,30062234.361222,0.8714622641509434,378.0,51.0,0.10308038057376677,0.307694790486976,45.34697542468855,2803,0.09829809565334807,True292,2018-02-17,-0.060638971851751274,11049.0,41193022.43693,0.8366666666666667,303.0,50.0,0.10369543482125997,0.3042484697064338,53.33674572142413,2309,0.10221527827214448,False293,2018-02-18,0.07486270352049829,10379.00000001,51229772.144016996,0.8270833333333334,292.0,46.0,0.10357647014325093,0.3208947046843174,47.601291310251206,2707,0.0951580516280994,True294,2018-02-19,0.005482707522483032,11155.99999985,33452377.076487,0.8287373004354137,321.0,50.0,0.1028774636290213,0.29930037919826624,41.2127686348862,2675,0.09466438954101837,True295,2018-02-20,-0.06918901335328577,11217.16508497,51451610.460097,0.8212005108556832,265.0,47.0,0.13080344890958104,0.3336835322195702,38.7338154534606,2919,0.09811983919833378,False296,2018-02-21,-0.0570365833952553,10441.06050012,66377090.386978,0.8690476190476191,382.0,47.0,0.11037221189708103,0.3899968270756213,52.06640042305667,2939,0.09711172301741404,False297,2018-02-22,0.030846655137111826,9845.53808217,56575837.76165,0.8321759259259259,369.0,50.0,0.12964997764455755,0.3360926111111111,38.9116632222222,2746,0.09868096087740907,True298,2018-02-23,-0.0442634128297954,10149.24000003,44982531.925189,0.8791866028708134,387.0,46.0,0.10978136927910832,0.31656992433795744,38.990453593947,2463,0.09341547144847334,False299,2018-02-24,-0.01451569283092791,9700.0,41772803.848891,0.8304054054054054,287.0,47.0,0.07967710328773048,0.27896326979472136,33.04448189149561,2310,0.08657756136063324,False300,2018-02-25,0.08147661298388575,9559.19777954,24996319.767008,0.8905502392344498,296.0,36.0,0.07278489122239118,0.4280225806451609,55.37490268817213,2181,0.09155567360226374,True301,2018-02-26,0.02429138291260946,10338.04883746,37444837.677278996,0.8554006968641115,354.0,55.0,0.11526715313615025,0.3504117613310384,34.474812335054445,2461,0.09759658976444092,True302,2018-02-27,-0.025224539264826595,10589.17434034,36852886.425201,0.8586474501108647,358.0,55.0,0.11606018570194555,0.4027265370467679,42.42555354703095,3163,0.08287362639566445,False303,2018-02-28,0.05955369054741566,10322.06729641,33726412.58637,0.8516483516483516,428.0,56.0,0.09336182346988424,0.3339385396518365,30.66385396518377,2924,0.09744059187315457,True